/*
SQLyog Ultimate v12.09 (64 bit)
MySQL - 5.7.19 : Database - store
*********************************************************************
*/

/*!40101 SET NAMES utf8 */;

/*!40101 SET SQL_MODE=''*/;

/*!40014 SET @OLD_UNIQUE_CHECKS=@@UNIQUE_CHECKS, UNIQUE_CHECKS=0 */;
/*!40014 SET @OLD_FOREIGN_KEY_CHECKS=@@FOREIGN_KEY_CHECKS, FOREIGN_KEY_CHECKS=0 */;
/*!40101 SET @OLD_SQL_MODE=@@SQL_MODE, SQL_MODE='NO_AUTO_VALUE_ON_ZERO' */;
/*!40111 SET @OLD_SQL_NOTES=@@SQL_NOTES, SQL_NOTES=0 */;
CREATE DATABASE /*!32312 IF NOT EXISTS*/`store` /*!40100 DEFAULT CHARACTER SET utf8 */;

USE `store`;

/*Table structure for table `category` */

DROP TABLE IF EXISTS `category`;

CREATE TABLE `category` (
  `cid` varchar(32) NOT NULL,
  `cname` varchar(20) DEFAULT NULL,
  `cstate` int(11) DEFAULT '1',
  PRIMARY KEY (`cid`)
) ENGINE=InnoDB DEFAULT CHARSET=utf8;

/*Data for the table `category` */

insert  into `category`(`cid`,`cname`,`cstate`) values ('1','精品男装',1),('1.1','衬衫',1),('1.2','毛衣/针织衫',1),('1.3','T恤/卫衣',1),('1.4','长裤',1),('1.5','短裤',1),('2','时尚女装',1),('2.1','毛衣/针织衫',1),('2.2','长袖T恤/卫衣',1),('2.3','衬衫',1),('2.4','长裤',1),('2.5','短裤',1),('3','都市运动--男士',1),('3.1','外套/夹克',1),('3.2','短袖T恤',1),('3.3','卫衣',1),('3.4','裤装',1),('4','都市运动--女士',1),('4.1','外套/夹克',1),('4.2','短袖T恤',1),('4.3','卫衣',1),('4.4','裙装',1);

/*Table structure for table `evaluation` */

DROP TABLE IF EXISTS `evaluation`;

CREATE TABLE `evaluation` (
  `eid` int(11) NOT NULL AUTO_INCREMENT COMMENT '评价id',
  `uid` varchar(32) DEFAULT NULL COMMENT '用户id',
  `pid` varchar(32) DEFAULT NULL COMMENT '商品id',
  `evaluate` varchar(200) DEFAULT NULL COMMENT '评价内容',
  PRIMARY KEY (`eid`),
  KEY `uid` (`uid`),
  KEY `pid` (`pid`),
  CONSTRAINT `evaluation_ibfk_1` FOREIGN KEY (`uid`) REFERENCES `user` (`uid`),
  CONSTRAINT `evaluation_ibfk_2` FOREIGN KEY (`pid`) REFERENCES `product` (`pid`)
) ENGINE=InnoDB AUTO_INCREMENT=34 DEFAULT CHARSET=utf8;

/*Data for the table `evaluation` */

insert  into `evaluation`(`eid`,`uid`,`pid`,`evaluate`) values (25,'4e52eb2222cb4fa9ab18c4a7188ac6c4','93','aaaaaaaaaaaaaaaaaaaaaaaa'),(26,'4e52eb2222cb4fa9ab18c4a7188ac6c4','1','bbbbbbbbbbbbbbbbbbbbbbbbbbbbbb'),(30,'4e52eb2222cb4fa9ab18c4a7188ac6c4','54','lalallalala'),(31,'4e52eb2222cb4fa9ab18c4a7188ac6c4','55','lalal2222222222222222222'),(32,'4e52eb2222cb4fa9ab18c4a7188ac6c4','56','lallalalalallalaalalal............................33333'),(33,'4e52eb2222cb4fa9ab18c4a7188ac6c4','54','啊啊啊啊啊啊啊啊啊啊啊啊啊啊啊啊啊啊啊');

/*Table structure for table `orderitem` */

DROP TABLE IF EXISTS `orderitem`;

CREATE TABLE `orderitem` (
  `itemID` varchar(32) NOT NULL,
  `quantity` int(11) DEFAULT NULL,
  `total` double DEFAULT NULL,
  `pid` varchar(32) DEFAULT NULL,
  `oid` varchar(32) DEFAULT NULL,
  PRIMARY KEY (`itemID`),
  KEY `order_item_fk_0001` (`pid`),
  KEY `order_item_fk_0002` (`oid`),
  CONSTRAINT `order_item_fk_0001` FOREIGN KEY (`pid`) REFERENCES `product` (`pid`),
  CONSTRAINT `order_item_fk_0002` FOREIGN KEY (`oid`) REFERENCES `orders` (`oid`)
) ENGINE=InnoDB DEFAULT CHARSET=utf8;

/*Data for the table `orderitem` */

insert  into `orderitem`(`itemID`,`quantity`,`total`,`pid`,`oid`) values ('387a186a097f4855ae378821282df558',4,1948,'55','0e78a340062744d98db2addcfd6b0c08'),('57d836c58f35433d9b18e40a8ca9b3d9',3,762,'1','c0291baf7055463984b7ab60e4cf3080'),('6059146ff7314189981da93d9359f208',3,762,'1','50e348edcb084115806a3f4dec3c2fdf'),('6655aa4876ac48b185da4f6fd08290d1',3,1752,'57','6abe79dc62e7418eb5b9d22a84fd265a'),('6bf20bf3a94146f8826efc27eeedea3e',2,974,'54','c7a79d4ddd434d18ab4de4e127e905dc'),('7cf73f3a5c8142f2b0d76640add00acf',2,974,'54','d07c1fc4a1c44917913cceade94f27f0'),('b5818fdd9cb84d85894434628dd584b3',3,1461,'54','0e78a340062744d98db2addcfd6b0c08'),('b9de29d1c838435588fa9e9b5fa8c963',3,456,'100','ba5a76ed304145ee89c8cd4db1f6e12a'),('ca12edf697494badb429de15948d799e',1,584,'57','b6d0f66f9b73489ca601902c953f6994'),('d2f0f193f0c440a6a717fd32ed05b8a8',2,1168,'57','fcd419615a374ec9a7dbaa60e9bf8a69'),('d4a1c00aa4d645d78e007da98dd9807a',2,1200,'93','b0b0e4aa4dd44915b7ee8d284c413479'),('dfb6a68844184a91b8ced30995775121',3,762,'1','b0b0e4aa4dd44915b7ee8d284c413479'),('e992379641b1478ebcc5a5a624340b38',2,898,'46','fcd419615a374ec9a7dbaa60e9bf8a69'),('f13a1698f7cd40e08cf4ddeb765c72cd',2,1168,'56','0e78a340062744d98db2addcfd6b0c08');

/*Table structure for table `orders` */

DROP TABLE IF EXISTS `orders`;

CREATE TABLE `orders` (
  `oid` varchar(32) NOT NULL,
  `ordertime` datetime DEFAULT NULL,
  `total` double DEFAULT NULL,
  `state` int(11) DEFAULT NULL,
  `address` varchar(30) DEFAULT NULL,
  `name` varchar(20) DEFAULT NULL,
  `telephone` varchar(20) DEFAULT NULL,
  `uid` varchar(32) DEFAULT NULL,
  PRIMARY KEY (`oid`),
  KEY `order_fk_0001` (`uid`),
  CONSTRAINT `order_fk_0001` FOREIGN KEY (`uid`) REFERENCES `user` (`uid`)
) ENGINE=InnoDB DEFAULT CHARSET=utf8;

/*Data for the table `orders` */

insert  into `orders`(`oid`,`ordertime`,`total`,`state`,`address`,`name`,`telephone`,`uid`) values ('0e78a340062744d98db2addcfd6b0c08','2020-03-26 17:15:57',4577,3,'安徽霍邱','小兰','15478952365','4e52eb2222cb4fa9ab18c4a7188ac6c4'),('50e348edcb084115806a3f4dec3c2fdf','2020-03-27 00:51:49',762,2,'北京天安门','小岚','415547511','4e52eb2222cb4fa9ab18c4a7188ac6c4'),('6abe79dc62e7418eb5b9d22a84fd265a','2020-03-26 17:18:29',1752,1,NULL,NULL,NULL,'6dcffa1311af48718f844842dddcc24e'),('b0b0e4aa4dd44915b7ee8d284c413479','2020-03-26 18:33:36',1962,3,'河南平顶山','晓华','15137645555','4e52eb2222cb4fa9ab18c4a7188ac6c4'),('b6d0f66f9b73489ca601902c953f6994','2020-03-26 18:33:19',584,2,'河南信阳','小蓝','15137645443','4e52eb2222cb4fa9ab18c4a7188ac6c4'),('ba5a76ed304145ee89c8cd4db1f6e12a','2020-03-26 17:18:36',456,1,NULL,NULL,NULL,'6dcffa1311af48718f844842dddcc24e'),('c0291baf7055463984b7ab60e4cf3080','2020-03-27 00:51:49',762,1,NULL,NULL,NULL,'4e52eb2222cb4fa9ab18c4a7188ac6c4'),('c7a79d4ddd434d18ab4de4e127e905dc','2020-03-26 17:15:28',974,3,'河南','aaaaaaaa','656525549','4e52eb2222cb4fa9ab18c4a7188ac6c4'),('d07c1fc4a1c44917913cceade94f27f0','2020-03-26 19:59:22',974,1,NULL,NULL,NULL,'4e52eb2222cb4fa9ab18c4a7188ac6c4'),('fcd419615a374ec9a7dbaa60e9bf8a69','2020-03-26 18:58:06',2066,1,NULL,NULL,NULL,'4e52eb2222cb4fa9ab18c4a7188ac6c4');

/*Table structure for table `product` */

DROP TABLE IF EXISTS `product`;

CREATE TABLE `product` (
  `pid` varchar(32) NOT NULL,
  `pname` varchar(50) DEFAULT NULL,
  `market_price` double DEFAULT NULL,
  `shop_price` double DEFAULT NULL,
  `pimage` varchar(200) DEFAULT NULL,
  `pdate` date DEFAULT NULL,
  `is_hot` int(11) DEFAULT NULL,
  `pdesc` varchar(255) DEFAULT NULL,
  `pflag` int(11) DEFAULT '0',
  `cid` varchar(32) DEFAULT NULL,
  PRIMARY KEY (`pid`),
  KEY `product_fk_0001` (`cid`),
  CONSTRAINT `product_fk_0001` FOREIGN KEY (`cid`) REFERENCES `category` (`cid`)
) ENGINE=InnoDB DEFAULT CHARSET=utf8;

/*Data for the table `product` */

insert  into `product`(`pid`,`pname`,`market_price`,`shop_price`,`pimage`,`pdate`,`is_hot`,`pdesc`,`pflag`,`cid`) values ('1','男士休闲净色纯色长袖衬衫',267,254,'layui/img/product/jpnz/shirt/a1.jpg','2015-11-02',1,'【商场同款】BEANPOLE滨波【赠运费险】韩国三星 男士休闲净色纯色长袖衬衫',0,'1.1'),('10','男士棉分割圆领套头衫毛衣',478,448,'layui/img/product/jpnz/sweater/m2.jpg','2020-03-21',1,'【商场同款】BEANPOLE滨波 韩国三星男士棉分割圆领套头衫 BC7151A22 亮灰色',0,'1.2'),('100','男士休闲圆领短袖T恤',159,152,'layui/img/product/dsyd-n/T-shirt/dnd2.jpg','2020-03-23',1,'【商场同款】BEANPOLE滨波 男士休闲圆领短袖T恤男 BO8342D54 红色 180/96A',0,'3.2'),('101','男士春季长袖T恤',256,240,'layui/img/product/dsyd-n/T-shirt/dnd3.jpg','2020-03-23',1,'【商场同款】BEANPOLE滨波 男士春季长袖T恤男 BO8741D31 白色 170/88A ',0,'3.2'),('102','男士春季长袖T恤',256,240,'layui/img/product/dsyd-n/T-shirt/dnd4.jpg','2020-03-23',1,'【商场同款】BEANPOLE滨波 男士春季长袖T恤男 BO8741D31 藏青色 170/88A ',0,'3.2'),('103','早春男士logo短袖T恤',199,190,'layui/img/product/dsyd-n/T-shirt/dnd5.jpg','2020-03-23',1,'【商场同款】BEANPOLE滨波都市运动 早春男士logo短袖T恤 BO9242ZM2 天蓝色 185/100A ',0,'3.2'),('104','早春男士logo短袖T恤',199,190,'layui/img/product/dsyd-n/T-shirt/dnd6.jpg','2020-03-23',1,'【商场同款】BEANPOLE滨波都市运动 早春男士logo短袖T恤 BO9242ZM2 藏青色 ',0,'3.2'),('105','早春男士logo短袖T恤',199,190,'layui/img/product/dsyd-n/T-shirt/dnd7.jpg','2020-03-23',1,'【商场同款】BEANPOLE滨波都市运动 早春男士logo短袖T恤 BO9242ZM2 白色',0,'3.2'),('106','早春男休闲短袖logoT恤',360,337,'layui/img/product/dsyd-n/T-shirt/dnd8.jpg','2020-03-23',1,'【商场同款】BEANPOLE滨波都市运动 早春男休闲短袖logoT恤 BO9142D09 黑色',0,'3.2'),('107','早春男士条纹长袖T恤',360,337,'layui/img/product/dsyd-n/T-shirt/dnd9.jpg','2020-03-23',1,'【商场同款】BEANPOLE滨波都市运动 早春男士条纹长袖T恤 BO9141D04 藏青色 ',0,'3.2'),('108','早春情侣款连帽拉链卫衣',360,337,'layui/img/product/dsyd-n/T-shirt/dnd7.jpg','2020-03-23',1,'【商场同款】BEANPOLE滨波都市运动 早春情侣款连帽拉链卫衣 BO9141F01',0,'3.3'),('109','男女情侣款长袖卫衣',279,226,'layui/img/product/dsyd-n/sweater/dnwy1.jpg','2020-03-23',1,'【商场同款】BEANPOLE滨波 男女情侣款长袖卫衣 BO8841D84 白色 180/96A ',0,'3.3'),('11','男士休闲纯色亚麻运动服毛衣',454,426,'layui/img/product/jpnz/sweater/m3.jpg','2020-03-21',1,'【商场同款】BEANPOLE滨波 韩国三星男士休闲纯色亚麻运动服服 针织衫男',0,'1.2'),('110','男士纯色卫衣男',352,330,'layui/img/product/dsyd-n/sweater/dnwy2.jpg','2020-03-23',1,'【商场同款】【韩国进口】BEANPOLE滨波 男士纯色卫衣男 BO8941F56 藏青色',0,'3.3'),('111','男女情侣连帽卫衣',320,300,'layui/img/product/dsyd-n/sweater/dnwy3.jpg','2020-03-23',1,'【商场同款】BEANPOLE滨波都市运动 男女情侣连帽卫衣 BO8941D89 黑色',0,'3.3'),('112','早春男士纯色休闲卫衣',299,285,'layui/img/product/dsyd-n/sweater/dnwy4.jpg','2020-03-23',1,'【商场同款】BEANPOLE滨波都市运动 早春男士纯色休闲卫衣 BO9141D01 黑色',0,'3.3'),('113','早春男士韩国连帽衫卫衣',360,337,'layui/img/product/dsyd-n/sweater/dnwy5.jpg','2020-03-23',1,'【商场同款】BEANPOLE滨波都市运动 早春男士韩国连帽衫卫衣BO9141D33 象牙',0,'3.3'),('114','早春男士韩国连帽衫卫衣',360,337,'layui/img/product/dsyd-n/sweater/dnwy6.jpg','2020-03-23',1,'【商场同款】BEANPOLE滨波都市运动 早春男士韩国连帽衫卫衣BO9141D33 黑色',0,'3.3'),('115','早春男士圆领长袖印花卫衣',320,300,'layui/img/product/dsyd-n/sweater/dnwy8.jpg','2020-03-23',1,'【商场同款】BEANPOLE滨波运动 早春男士圆领长袖印花卫衣 BO9141D06 白色',0,'3.3'),('116','春男士韩国拼色长袖卫衣',400,375,'layui/img/product/dsyd-n/sweater/dnwy9.jpg','2020-03-23',1,'【商场同款】BEANPOLE滨波都市运动 春男士韩国拼色长袖卫衣BO9141D07 藏青',0,'3.3'),('117','早春男士休闲直筒长裤',360,337,'layui/img/product/dsyd-n/trousers/dnk1.jpg','2020-03-23',1,'【商场同款】BEANPOLE滨波都市运动 早春男士休闲直筒长裤 BO9221ZM5 藏青',0,'3.4'),('118','早春男士休闲直筒长裤',360,337,'layui/img/product/dsyd-n/trousers/dnk2.jpg','2020-03-23',1,'【商场同款】BEANPOLE滨波都市运动 早春男士休闲直筒长裤 BO9221ZM5 黑色',0,'3.4'),('119','早春男士休闲九分裤',360,337,'layui/img/product/dsyd-n/trousers/dnk3.jpg','2020-03-23',1,'【商场同款】BEANPOLE滨波都市运动 早春男士休闲九分裤 BO9221ZM4 黑色',0,'3.4'),('12','男士休闲纯色亚麻运动服毛衣',454,426,'layui/img/product/jpnz/sweater/m4.jpg','2020-03-21',1,'【商场同款】BEANPOLE滨波 韩国三星男士休闲纯色亚麻运动服服 针织衫男',0,'1.2'),('120','早春男士弹力休闲裤',400,375,'layui/img/product/dsyd-n/trousers/dnk4.jpg','2020-03-23',1,'【商场同款】BEANPOLE滨波都市运动 早春男士弹力休闲裤长 BO9221D01 亮灰色',0,'3.4'),('121','早春男士拼色休闲长裤',440,412,'layui/img/product/dsyd-n/trousers/dnk5.jpg','2020-03-23',1,'【商场同款】BEANPOLE滨波都市运动 早春男士拼色休闲长裤 BO9221D04 黑色 ',0,'3.4'),('122','早春男士拼色休闲长裤',440,412,'layui/img/product/dsyd-n/trousers/dnk6.jpg','2020-03-23',1,'【商场同款】BEANPOLE滨波都市运动 早春男士拼色休闲长裤 BO9221D04 藏青色',0,'3.4'),('123','早春男士潮流休闲长裤',400,375,'layui/img/product/dsyd-n/trousers/dnk7.jpg','2020-03-23',1,'【商场同款】BEANPOLE滨波都市运动 早春男士潮流休闲长裤 BO9321D03 米色',0,'3.4'),('124','早春男士潮流休闲长裤',400,375,'layui/img/product/dsyd-n/trousers/dnk8.jpg','2020-03-23',1,'【商场同款】BEANPOLE滨波都市运动 早春男士潮流休闲长裤 BO9321D03 藏青色',0,'3.4'),('125','早春男士弹力休闲裤',400,375,'layui/img/product/dsyd-n/trousers/dnk9.jpg','2020-03-23',1,'【商场同款】BEANPOLE滨波都市运动 早春男士弹力休闲裤长 BO9221D01 藏青色',0,'3.4'),('126','商场同款女士风衣女',896,840,'layui/img/product/dsyd-l/Jacket/dlw1.jpg','2020-03-23',1,'【商场同款】BEANPOLE滨波 商场同款女士风衣女 BO8839C12 米色 165/88A',0,'4.1'),('127','女士马甲女 ',448,420,'layui/img/product/dsyd-l/Jacket/dlw2.jpg','2020-03-23',1,'【商场同款】BEANPOLE滨波 女士马甲女 BO8938E02 黑色 165/88A ',0,'4.1'),('128','早春女士户外风衣外套',720,675,'layui/img/product/dsyd-l/Jacket/dlw3.jpg','2020-03-23',1,'【商场同款】BEANPOLE滨波都市运动 早春女士户外风衣外套 BO9239C09 藏青色 165/88A',0,'4.1'),('129','早春女士户外风衣外套',720,675,'layui/img/product/dsyd-l/Jacket/dlw4.jpg','2020-03-23',1,'【商场同款】BEANPOLE滨波都市运动 早春女士户外风衣外套 BO9239C09 灰色 ',0,'4.1'),('13','男士休闲纯色圆领毛衣男',358,336,'layui/img/product/jpnz/sweater/m5.jpg','2020-03-21',1,'【商场同款】BEANPOLE滨波 韩国三星 男士休闲纯色圆领毛衣男针织衫男',0,'1.2'),('130','早春女士拉链连帽外套',640,600,'layui/img/product/dsyd-l/Jacket/dlw5.jpg','2020-03-23',1,'【商场同款】BEANPOLE滨波都市运动 早春女士拉链连帽外套 BO9138ZF2 粉红色',0,'4.1'),('131','早春女士休闲中长外套',1160,1087,'layui/img/product/dsyd-l/Jacket/dlw6.jpg','2020-03-23',1,'【商场同款】BEANPOLE滨波都市运动 早春女士休闲中长外套 BO9239C13 黑色',0,'4.1'),('132','早春女士修身休闲外套',520,487,'layui/img/product/dsyd-l/Jacket/dlw7.jpg','2020-03-23',1,'【商场同款】BEANPOLE滨波都市运动 早春女士修身休闲外套 BO9339C06 藏青色',0,'4.1'),('133','早春女士基础休闲夹克',480,450,'layui/img/product/dsyd-l/Jacket/dlw8.jpg','2020-03-23',1,'【商场同款】BEANPOLE滨波都市运动 早春女士基础休闲夹克 BO9339C01 白色 ',0,'4.1'),('134','早春女士基础休闲夹克',480,450,'layui/img/product/dsyd-l/Jacket/dlw9.jpg','2020-03-23',1,'【商场同款】BEANPOLE滨波都市运动 早春女士基础休闲夹克 BO9339C01 蓝色 ',0,'4.1'),('135','早春女士文艺短袖T恤',199,190,'layui/img/product/dsyd-l/T-shirt/dld2.jpg','2020-03-23',1,'【商场同款】BEANPOLE滨波都市运动 早春女士文艺短袖T恤 BO9342C01 天蓝色',0,'4.2'),('136','早春女士文艺短袖T恤',199,190,'layui/img/product/dsyd-l/T-shirt/dld3.jpg','2020-03-23',1,'【商场同款】BEANPOLE滨波都市运动 早春女士文艺短袖T恤 BO9342C01 藏青色',0,'4.2'),('137','早春女士logo潮短袖T恤',280,262,'layui/img/product/dsyd-l/T-shirt/dld4.jpg','2020-03-23',1,'【商场同款】BEANPOLE滨波都市运动 早春女士logo潮短袖T恤 BO9342C06 红色',0,'4.2'),('138','早春女印花短袖T恤淑女',280,262,'layui/img/product/dsyd-l/T-shirt/dld5.jpg','2020-03-23',1,'【商场同款】BEANPOLE滨波都市运动 早春女印花短袖T恤淑女 BO9342C24 象牙 ',0,'4.2'),('139','早春女士设计潮短袖T恤',320,300,'layui/img/product/dsyd-l/T-shirt/dld6.jpg','2020-03-23',1,'【商场同款】BEANPOLE滨波都市运动 早春女士设计潮短袖T恤 BO9342C02 白色',0,'4.2'),('14','男士休闲纯色圆领毛衣男',358,336,'layui/img/product/jpnz/sweater/m6.jpg','2020-03-21',1,'【商场同款】BEANPOLE滨波 韩国三星 男士休闲纯色圆领毛衣男针织衫男 ',0,'1.2'),('140','早春女士拼接T恤POLO衫',280,262,'layui/img/product/dsyd-l/T-shirt/dld7.jpg','2020-03-23',1,'【商场同款】BEANPOLE滨波都市运动 早春女士拼接T恤POLO衫 BO9442C01 蓝色',0,'4.2'),('141','早春女时尚韩国短袖T恤',249,237,'layui/img/product/dsyd-l/T-shirt/dld8.jpg','2020-03-23',1,'【商场同款】BEANPOLE滨波都市运动 早春女时尚韩国短袖T恤 BO9342C04 藏青',0,'4.2'),('142','早春女士短袖T恤POLO衫',280,262,'layui/img/product/dsyd-l/T-shirt/dld9.jpg','2020-03-23',1,'【商场同款】BEANPOLE滨波都市运动 早春女士短袖T恤POLO衫 BO9442C04 藏青色 160/84A ',0,'4.2'),('143','早春女士文艺短袖T恤',199,190,'layui/img/product/dsyd-l/T-shirt/dld1.jpg','2020-03-23',1,'【商场同款】BEANPOLE滨波都市运动 早春女士文艺短袖T恤 BO9342C01 白色',0,'4.2'),('144','春季针织棉内搭长袖卫衣',279,266,'layui/img/product/dsyd-l/sweater/dlwy1.jpg','2020-03-23',1,'【商场同款】BEANPOLE滨波 春季针织棉内搭长袖卫衣针织衫 BO8841D04 白',0,'4.3'),('145','春季女士别致花纹休闲卫衣',695,661,'layui/img/product/dsyd-l/sweater/dlwy2.jpg','2020-03-23',1,'【商场同款】BEANPOLE滨波 春季女士别致花纹休闲基础款卫衣BF9741U09 米色',0,'4.3'),('146','女士活力风连帽卫衣',395,370,'layui/img/product/dsyd-l/sweater/dlwy3.jpg','2020-03-23',1,'【商场同款】BEANPOLE滨波都市运动 春冬女士活力风连帽卫衣BO9841ZF2 黄色 ',0,'4.3'),('147','女士活力风连帽卫衣',395,370,'layui/img/product/dsyd-l/sweater/dlwy4.jpg','2020-03-23',1,'【商场同款】BEANPOLE滨波都市运动 春冬女士活力风连帽卫衣BO9841ZF2 黑色',0,'4.3'),('148','女士简约连帽卫衣',440,412,'layui/img/product/dsyd-l/sweater/dlwy5.jpg','2020-03-23',1,'【商场同款】BEANPOLE滨波都市运动 春冬女士简约连帽卫衣BO9841E02 白色',0,'4.3'),('149','春冬女士简约连帽卫衣',440,412,'layui/img/product/dsyd-l/sweater/dlwy6.jpg','2020-03-23',1,'【商场同款】BEANPOLE滨波都市运动 春冬女士简约连帽卫衣BO9841E02 藏青色',0,'4.3'),('15','男士休闲拼色纯羊毛圆领毛衣',454,426,'layui/img/product/jpnz/sweater/m7.jpg','2020-03-21',1,'【商场同款】BEANPOLE滨波 韩国三星 春季男士休闲拼色纯羊毛圆领毛衣男针织衫男BC7951C35',0,'1.2'),('150','女士水洗条纹毛衣',400,375,'layui/img/product/dsyd-l/sweater/dlwy7.jpg','2020-03-23',1,'【商场同款】BEANPOLE滨波都市运动 春冬女士水洗条纹毛衣BO9851C12 米色 ',0,'4.3'),('151','女士水洗条纹毛衣',400,375,'layui/img/product/dsyd-l/sweater/dlwy8.jpg','2020-03-23',1,'【商场同款】BEANPOLE滨波都市运动 春冬女士水洗条纹毛衣BO9851C12 藏青色 ',0,'4.3'),('152','女士刺绣印花设计连帽卫衣',795,756,'layui/img/product/dsyd-l/sweater/dlwy9.jpg','2020-03-23',1,'【商场同款】BEANPOLE滨波 春季女士刺绣印花设计连帽卫衣 BF9941U11 黑色',0,'4.3'),('153','女士休闲Polo领连衣裙',416,390,'layui/img/product/dsyd-l/trousers/dlj1.jpg','2020-03-23',1,'【商场同款】BEANPOLE滨波 女士休闲Polo领连衣裙 BO8741C01 黑色 160/84A',0,'4.4'),('154','女士休闲Polo领连衣裙',416,390,'layui/img/product/dsyd-l/trousers/dlj2.jpg','2020-03-23',1,'【商场同款】BEANPOLE滨波 女士休闲Polo领连衣裙 BO8741C01 酒红色',0,'4.4'),('155','早春女士短袖polo连衣裙',400,375,'layui/img/product/dsyd-l/trousers/dlj3.jpg','2020-03-23',1,'【商场同款】BEANPOLE滨波都市运动 早春女士短袖polo连衣裙 BO9342ZF3 藏青',0,'4.4'),('156','早春女士短袖polo连衣裙',400,375,'layui/img/product/dsyd-l/trousers/dlj4.jpg','2020-03-23',1,'【商场同款】BEANPOLE滨波都市运动 早春女士短袖polo连衣裙 BO9342ZF3 粉红色 160/84A ',0,'4.4'),('157','条纹短袖不规则连衣裙',440,412,'layui/img/product/dsyd-l/trousers/dlj5.jpg','2020-03-23',1,'【商场同款】BEANPOLE滨波都市运动女条纹短袖不规则连衣裙 BO9241C14 象牙',0,'4.4'),('158','条纹短袖不规则连衣裙',440,412,'layui/img/product/dsyd-l/trousers/dlj6.jpg','2020-03-23',1,'【商场同款】BEANPOLE滨波都市运动女条纹短袖不规则连衣裙 BO9241C14 藏青',0,'4.4'),('159','早春女士条纹短袖连衣裙',480,450,'layui/img/product/dsyd-l/trousers/dlj7.jpg','2020-03-23',1,'【商场同款】BEANPOLE滨波都市运动 早春女士条纹短袖连衣裙BO9241C12 象牙',0,'4.4'),('16','圆领条纹毛衣男',430,403,'layui/img/product/jpnz/sweater/m8.jpg','2020-03-21',1,'【商场同款】BEANPOLE滨波 韩国三星 男士纯羊毛圆领条纹毛衣男针织衫男 ',0,'1.2'),('160','早春女士条纹短袖连衣裙',480,450,'layui/img/product/dsyd-l/trousers/dlj8.jpg','2020-03-23',1,'【商场同款】BEANPOLE滨波都市运动 早春女士条纹短袖连衣裙BO9241C12 藏青  ',0,'4.4'),('161','早春女Polo学生连衣裙',400,375,'layui/img/product/dsyd-l/trousers/dlj9.jpg','2020-03-23',1,'【商场同款】BEANPOLE滨波都市运动 早春女Polo学生连衣裙 BO9342C14 象牙色 160/84A ',0,'4.4'),('17','男士休闲条纹套头毛衣男 ',649,609,'layui/img/product/jpnz/sweater/m9.jpg','2020-03-21',1,'【商场同款】BEANPOLE滨波 男士休闲条纹套头针织衫男 毛衣男 BC8151Z02 藏青',0,'1.2'),('18','卫衣',400,375,'layui/img/product/jpnz/T-shirt/c1.jpg','2020-03-21',1,'【商场同款】BEANPOLE滨波运动 春季男士立领高领长袖卫衣BO9941F04 象牙色',0,'1.3'),('19','卫衣',400,375,'layui/img/product/jpnz/T-shirt/c2.jpg','2020-03-21',1,'【商场同款】BEANPOLE滨波运动 春季男士印花设计长袖卫衣 BO9941F03 白色',0,'1.3'),('2','男士休闲净色纯色长袖衬衫',267,254,'layui/img/product/jpnz/shirt/a2.jpg','2015-11-02',1,'【商场同款】BEANPOLE滨波【赠运费险】韩国三星 男士休闲净色纯色长袖衬衫',0,'1.1'),('20','卫衣',400,375,'layui/img/product/jpnz/T-shirt/c3.jpg','2020-03-22',1,'【商场同款】BEANPOLE滨波运动 春季男士印花设计长袖卫衣 BO9941F03 黑色 175/92A ',0,'1.3'),('21','卫衣',432,405,'layui/img/product/jpnz/T-shirt/c4.jpg','2020-03-21',1,'【商场同款】BEANPOLE滨波运动 春季男士拼色长袖卫衣BO9941D24 藏青色',0,'1.3'),('22','卫衣',600,562,'layui/img/product/jpnz/T-shirt/c5.jpg','2020-03-21',1,'【商场同款】BEANPOLE滨波 2020春季男士连帽纯色印花设计长袖卫衣开衫 藏青色 ',0,'1.3'),('23','卫衣',280,262,'layui/img/product/jpnz/T-shirt/c6.jpg','2020-03-21',1,'【商场同款】BEANPOLE滨波 2020春季男士圆领印花设计长袖卫衣 藏青色 175/92A',0,'1.3'),('24','卫衣',280,262,'layui/img/product/jpnz/T-shirt/c7.jpg','2020-03-21',1,'【商场同款】BEANPOLE滨波 2020春季男士圆领印花设计长袖卫衣 白色 170/88A',0,'1.3'),('25','卫衣',780,731,'layui/img/product/jpnz/T-shirt/c8.jpg','2020-03-22',1,'【商场同款】BEANPOLE滨波 2020春季男士宽松箭头装饰运动连帽卫衣开衫 黑色',0,'1.3'),('26','卫衣',419,393,'layui/img/product/jpnz/T-shirt/c9.jpg','2020-03-22',1,'【商场同款】BEANPOLE滨波 2020春季男士运动休闲印花长袖T恤卫衣 藏青色',0,'1.3'),('27','短裤',237,226,'layui/img/product/jpnz/shorts/b1.jpg','2020-03-23',1,'【商场同款】【FLIGHT系滨波列】BEANPOLE 韩国三星男士休闲短裤',0,'1.5'),('28','短裤',237,223,'layui/img/product/jpnz/shorts/b2.jpg','2020-03-21',1,'【商场同款】【FLIGHT系滨波列】BEANPOLE 韩国三星男士休闲短裤',0,'1.5'),('29','短裤',286,268,'layui/img/product/jpnz/shorts/b3.jpg','2020-03-21',1,'【商场同款】BEANPOLE滨波 韩国三星夏季男士战略款纯色短裤 BC7425Z03 藏青',0,'1.5'),('3','男士休闲黑色短袖衬衫',267,254,'layui/img/product/jpnz/shirt/a3.jpg','2015-11-02',1,'【商场同款】BEANPOLE滨波【赠运费险】韩国三星 男士休闲黑色短袖衬衫',0,'1.1'),('30','短裤',286,268,'layui/img/product/jpnz/shorts/b4.jpg','2020-03-21',1,'【商场同款】BEANPOLE滨波 韩国三星夏季男士战略款纯色短裤 BC7425Z03 米色',0,'1.5'),('31','短裤',286,268,'layui/img/product/jpnz/shorts/b5.jpg','2020-03-21',1,'【商场同款】BEANPOLE滨波 韩国三星夏季男士战略款纯色短裤 BC7425Z03 米色',0,'1.5'),('32','短裤',286,268,'layui/img/product/jpnz/shorts/b6.jpg','2020-03-21',1,'【商场同款】BEANPOLE滨波 韩国三星夏季男士纯色休闲短裤 BC7425Z08 绿色',0,'1.5'),('33','短裤',286,268,'layui/img/product/jpnz/shorts/b7.jpg','2020-03-21',1,'【商场同款】BEANPOLE滨波 韩国三星夏季男士纯色休闲短裤 BC7425Z08 蓝色',0,'1.5'),('34','短裤',286,268,'layui/img/product/jpnz/shorts/b8.jpg','2020-03-21',1,'【商场同款】BEANPOLE滨波 韩国三星 男士棉质印花休闲短裤男 BC7525A34 ',0,'1.5'),('35','短裤',286,268,'layui/img/product/jpnz/shorts/b9.jpg','2020-03-21',1,'【商场同款】BEANPOLE滨波 韩国三星 男士棉质印花休闲短裤男 BC7525A34 红色',0,'1.5'),('36','长裤',334,313,'layui/img/product/jpnz/trousers/d1.jpg','2020-03-29',1,'【商场同款】BEANPOLE滨波 男士纯色休闲九分裤男 BC7321Z09 浅绿色 180/90A ',0,'1.4'),('37','长裤',334,313,'layui/img/product/jpnz/trousers/d2.jpg','2020-03-19',1,'【商场同款】BEANPOLE滨波 男士纯色休闲九分裤男 BC7321Z09 黄色 170/84A ',0,'1.4'),('38','长裤',334,313,'layui/img/product/jpnz/trousers/d3.jpg','2020-03-21',1,'【商场同款】BEANPOLE滨波 男士纯色休闲九分裤男 BC7321Z09 黄色 170/84A ',0,'1.4'),('39','长裤',334,313,'layui/img/product/jpnz/trousers/d4.jpg','2020-03-21',1,'【商场同款】BEANPOLE滨波 男士纯色休闲九分裤男 BC7321Z09 黄色 170/84A ',0,'1.4'),('4','男士休闲黄色短袖衬衫',1399,1299,'layui/img/product/jpnz/shirt/a4.jpg','2015-11-02',1,'【商场同款】BEANPOLE滨波【赠运费险】韩国三星 男士休闲黄色短袖衬衫',0,'1.1'),('40','长裤',334,313,'layui/img/product/jpnz/trousers/d5.jpg','2020-03-21',1,'【商场同款】BEANPOLE滨波 男士纯色休闲九分裤男 BC7321Z09 粉红色 160/76A ',0,'1.4'),('41','长裤',310,291,'layui/img/product/jpnz/trousers/d6.jpg','2020-03-21',1,'【商场同款】BEANPOLE滨波【赠运费险】韩国三星 春季男士纯色直筒棉质水洗长裤 休闲裤男',0,'1.4'),('42','长裤',358,336,'layui/img/product/jpnz/trousers/d7.jpg','2020-03-21',1,'【商场同款】BEANPOLE滨波春冬 男士时尚棉混纺抓绒休闲裤男长裤 BC7821Z51',0,'1.4'),('43','长裤',358,336,'layui/img/product/jpnz/trousers/d8.jpg','2020-03-21',1,'【商场同款】BEANPOLE滨波 韩国三星 男士商务休闲纯色棉质长裤 休闲裤男BC7821A15 卡其色',0,'1.4'),('44','长裤',310,291,'layui/img/product/jpnz/trousers/d9.jpg','2020-03-21',1,'【商场同款】BEANPOLE滨波 韩国三星 男士商务休闲纯色棉质长裤 休闲裤男BC7821A15 卡其色 170/84A ',0,'1.4'),('45','女士休闲纯色中长款羊毛毛衣',719,674,'layui/img/product/ssnz/sweater/lm1.jpg','2020-03-22',1,'【商场同款】BEANPOLE滨波 韩国三星女士休闲纯色中长款羊毛针织背心 针织衫女 BF7136U01',0,'2.1'),('46','女士休闲羊毛混纺拼接毛衣女',479,449,'layui/img/product/ssnz/sweater/lm2.jpg','2020-03-22',1,'【商场同款】BEANPOLE滨波 韩国三星 女士休闲羊毛混纺拼接毛衣女 羊毛衫女 ',0,'2.1'),('47','女士休闲羊毛混纺拼接毛衣女',479,449,'layui/img/product/ssnz/sweater/lm3.jpg','2020-03-22',1,'【商场同款】BEANPOLE滨波 韩国三星 女士休闲羊毛混纺拼接毛衣女 羊毛衫女',0,'2.1'),('48','女士休闲纯色毛衣外套女',503,471,'layui/img/product/ssnz/sweater/lm4.jpg','2020-03-22',1,'【商场同款】BEANPOLE滨波 韩国三星 女士休闲纯色针织衫女开衫 毛衣外套女 ',0,'2.1'),('49','女士休闲纯色毛衣外套女',503,471,'layui/img/product/ssnz/sweater/lm5.jpg','2020-03-22',1,'【商场同款】BEANPOLE滨波 韩国三星 女士休闲纯色针织衫女开衫 毛衣外套女',0,'2.1'),('5','男士休闲绿色短袖衬衫',267,230,'layui/img/product/jpnz/shirt/a5.jpg','2015-11-02',1,'【商场同款】BEANPOLE滨波【赠运费险】韩国三星 男士休闲绿色短袖衬衫',0,'1.1'),('50','女士羊毛混纺长款毛衣女',503,471,'layui/img/product/ssnz/sweater/lm6.jpg','2020-03-22',1,'【商场同款】BEANPOLE滨波 韩国三星 女士羊毛混纺长款毛衣女 针织衫女开衫',0,'2.1'),('51','女士休闲纯羊毛半高领毛衣',527,494,'layui/img/product/ssnz/sweater/lm7.jpg','2020-03-22',1,'【商场同款】BEANPOLE滨波 韩国三星女士休闲纯羊毛套头半高领毛衣女 羊毛衫女',0,'2.1'),('52','女士休闲纯色纯羊毛圆领毛衣',407,381,'layui/img/product/ssnz/sweater/lm8.jpg','2020-03-22',1,'【商场同款】BEANPOLE滨波 韩国三星女士休闲纯色纯羊毛圆领套头毛衣 羊毛衫女',0,'2.1'),('53','女士休闲纯色圆领套头毛衣',407,381,'layui/img/product/ssnz/sweater/lm9.jpg','2020-03-22',1,'【商场同款】BEANPOLE滨波 韩国三星女士休闲纯色纯羊毛圆领套头毛衣 羊毛衫女',0,'2.1'),('54','女士假两件长袖卫衣',520,487,'layui/img/product/ssnz/T-shirt/lw1.jpg','2020-03-23',1,'【商场同款】BEANPOLE滨波运动 冬季女士假两件长袖卫衣',0,'2.2'),('55','女士假两件黑色长袖卫衣',520,487,'layui/img/product/ssnz/T-shirt/lw2.jpg','2020-03-23',1,'【商场同款】BEANPOLE滨波运动 冬季女士假两件黑色长袖卫衣',0,'2.2'),('56','女士logo印花连帽卫衣 ',623,584,'layui/img/product/ssnz/T-shirt/lw3.jpg','2020-03-23',1,'【商场同款】BEANPOLE滨波运动 冬季女士logo印花连帽卫衣 BO9X41E01 黄色',0,'2.2'),('57','女士黑色印花连帽卫衣',623,584,'layui/img/product/ssnz/T-shirt/lw4.jpg','2020-03-23',1,'【商场同款】BEANPOLE滨波运动 冬季女士logo印花连帽卫衣 BO9X41E01 黑色',0,'2.2'),('58','女士运动摇粒绒长袖卫衣',383,359,'layui/img/product/ssnz/T-shirt/lw5.jpg','2020-03-23',1,'【商场同款】BEANPOLE滨波 冬季女士运动摇粒绒长袖卫衣',0,'2.2'),('59','女士运动天蓝色长袖卫衣',383,359,'layui/img/product/ssnz/T-shirt/lw6.jpg','2020-03-23',1,'【商场同款】BEANPOLE滨波 冬季女士运动摇粒绒长袖卫衣',0,'2.2'),('6','男士休闲纯白色短袖衬衫',250,220,'layui/img/product/jpnz/shirt/a6.jpg','2015-11-02',1,'【商场同款】BEANPOLE滨波【赠运费险】韩国三星 男士休闲纯白色短袖衬衫',0,'1.1'),('60','春季女袖子拼色卫衣',884,828,'layui/img/product/ssnz/T-shirt/lw7.jpg','2020-03-23',1,'【商场同款】BEANPOLE滨波 春季女袖子拼色卫衣BO9941C23 藏青 ',0,'2.2'),('61','春季女袖子拼色卫衣',884,828,'layui/img/product/ssnz/T-shirt/lw8.jpg','2020-03-23',1,'【商场同款】BEANPOLE滨波 春季女袖子拼色卫衣BO9941C23 象牙色',0,'2.2'),('62','春季女士纯色连帽长袖卫衣',780,731,'layui/img/product/ssnz/T-shirt/lw9.jpg','2020-03-23',1,'【商场同款】BEANPOLE滨波 2020春季女士纯色运动拉链连帽长袖卫衣',0,'2.2'),('63','女士亚麻素色长袖衬衫',311,291,'layui/img/product/ssnz/shirt/lc1.jpg','2020-03-23',1,'【商场同款】BEANPOLE滨波 韩国三星夏季女士亚麻素色长袖衬衫',0,'2.3'),('64','女士亚麻条纹长款长袖衬衫',407,381,'layui/img/product/ssnz/shirt/lc2.jpg','2020-03-23',1,'【商场同款】BEANPOLE滨波 韩国三星女士亚麻条纹长款长袖衬衫',0,'2.3'),('65','女士亚麻条纹灰色长袖衬衫',407,381,'layui/img/product/ssnz/shirt/lc3.jpg','2020-03-23',1,'【商场同款】BEANPOLE滨波 韩国三星女士亚麻条纹长款长袖衬衫',0,'2.3'),('66','女士休闲纯色衬衫',407,381,'layui/img/product/ssnz/shirt/lc4.jpg','2020-03-23',1,'【商场同款】BEANPOLE滨波 韩国三星 女士休闲纯色衬衫 衬衫女长袖 ',0,'2.3'),('67','女士休闲素色棉质衬衫',311,291,'layui/img/product/ssnz/shirt/lc5.jpg','2020-03-23',1,'【商场同款】BEANPOLE滨波 韩国三星 女士休闲素色棉质衬衫',0,'2.3'),('68','女士休闲纯色棉质船型领衬衫',407,381,'layui/img/product/ssnz/shirt/lc6.jpg','2020-03-23',1,'【商场同款】BEANPOLE滨波 韩国三星 女士休闲纯色棉质船型领衬衫女长袖',0,'2.3'),('69','女士时尚长袖衬衫',702,658,'layui/img/product/ssnz/shirt/lc7.jpg','2020-03-23',1,'【商场同款】BEANPOLE滨波 女士时尚花朵印花长袖衬衫女',0,'2.3'),('7','男士休闲红色短袖衬衫',278,250,'layui/img/product/jpnz/shirt/a7.jpg','2015-11-02',1,'【商场同款】BEANPOLE滨波【赠运费险】韩国三星 男士休闲红色短袖衬衫',0,'1.1'),('70','女士时尚花朵印花长袖衬衫',702,658,'layui/img/product/ssnz/shirt/lc8.jpg','2020-03-23',1,'【商场同款】BEANPOLE滨波 女士时尚花朵印花长袖衬衫女 ',0,'2.3'),('71','女士休闲纯色长袖衬衫女',311,289,'layui/img/product/ssnz/shirt/lc9.jpg','2020-03-23',1,'【商场同款】BEANPOLE滨波 女士休闲纯色长袖衬衫女',0,'2.3'),('72','女士休闲纯色棉质宽松长裤 ',359,336,'layui/img/product/ssnz/trousers/lck1.jpg','2020-03-23',1,'【商场同款】BEANPOLE滨波 韩国三星 女士休闲纯色棉质宽松长裤 ',0,'2.4'),('73','女士休闲纯色修身长裤',359,336,'layui/img/product/ssnz/trousers/lck2.jpg','2020-03-23',1,'【商场同款】BEANPOLE滨波 韩国三星 女士休闲纯色修身长裤 休闲裤女 BF7821C06 绿色 ',0,'2.4'),('74','女士休闲纯色宽松长裤',455,426,'layui/img/product/ssnz/trousers/lck3.jpg','2020-03-23',1,'【商场同款】BEANPOLE滨波 韩国三星 女士休闲纯色宽松长裤 休闲裤女BF7821C04 藏青色 160/66A',0,'2.4'),('75','女士休闲纯色阔腿裤 ',407,381,'layui/img/product/ssnz/trousers/lck4.jpg','2020-03-23',1,'【商场同款】BEANPOLE滨波 韩国三星 女士休闲纯色阔腿裤 休闲裤女BF7X21C06',0,'2.4'),('76','女士休闲纯色阔腿裤 ',407,381,'layui/img/product/ssnz/trousers/lck5.jpg','2020-03-23',1,'【商场同款】BEANPOLE滨波 韩国三星 女士休闲纯色阔腿裤 休闲裤女BF7X21C06 ',0,'2.4'),('77','女士侧开叉直筒休闲长裤',431,404,'layui/img/product/ssnz/trousers/lck6.jpg','2020-03-23',1,'【商场同款】 BEANPOLE滨波 韩国三星女士侧开叉直筒休闲长裤 BF7XBF7X21C07',0,'2.4'),('78','女士休闲羊毛修身直筒长裤',623,584,'layui/img/product/ssnz/trousers/lck7.jpg','2020-03-23',1,'【商场同款】BEANPOLE滨波 韩国三星 女士休闲羊毛修身直筒长裤 休闲裤女 ',0,'2.4'),('79','女士纯色羊毛弹力喇叭裤',527,494,'layui/img/product/ssnz/trousers/lck8.jpg','2020-03-23',1,'【商场同款】BEANPOLE滨波 韩国三星 女士纯色羊毛弹力喇叭裤 休闲裤女',0,'2.4'),('8','男士休闲纯色短袖衬衫',300,220,'layui/img/product/jpnz/shirt/a8.jpg','2015-11-02',1,'【商场同款】BEANPOLE滨波【赠运费险】韩国三星 男士休闲纯色短袖衬衫',0,'1.1'),('80','女士纯色羊毛弹力喇叭裤',527,494,'layui/img/product/ssnz/trousers/lck9.jpg','2020-03-23',1,'【商场同款】BEANPOLE滨波 韩国三星 女士纯色羊毛弹力喇叭裤 休闲裤女',0,'2.4'),('81','女士白绿通勤腰带短西装裤 ',668,626,'layui/img/product/ssnz/shorts/ldk1.jpg','2020-03-23',1,'【商场同款】BEANPOLE滨波 早春女士白绿通勤腰带短西装裤 BF9425Z02 白色',0,'2.5'),('82','早春女士休闲短裤五分裤',280,262,'layui/img/product/ssnz/shorts/ldk2.jpg','2020-03-23',1,'【商场同款】BEANPOLE滨波都市运动 早春女士休闲短裤五分裤BO9325C02 天蓝',0,'2.5'),('83','早春女士休闲短裤五分裤',280,262,'layui/img/product/ssnz/shorts/ldk3.jpg','2020-03-23',1,'【商场同款】BEANPOLE滨波都市运动 早春女士休闲短裤五分裤BO9325C02 藏青',0,'2.5'),('84','早春女士松紧带短裤 ',280,262,'layui/img/product/ssnz/shorts/ldk4.jpg','2020-03-23',1,'【商场同款】BEANPOLE滨波都市运动 早春女士松紧带短裤 BO9425C01 粉红色 165/70A',0,'2.5'),('85','春夏女士牛仔直筒短裤',360,337,'layui/img/product/ssnz/shorts/ldk5.jpg','2020-03-23',1,'【商场同款】BEANPOLE滨波都市运动 春夏女士牛仔直筒短裤 BO9425C02 蓝色 ',0,'2.5'),('86','女士印花运动撞色短裤',320,300,'layui/img/product/ssnz/shorts/ldk6.jpg','2020-03-23',1,'【商场同款】【套装下装】BEANPOLE滨波女士印花运动撞色短裤 BO9525E01 白',0,'2.5'),('87','女士印花粉红色运动短裤',299,285,'layui/img/product/ssnz/shorts/ldk7.jpg','2020-03-23',1,'【商场同款】BEANPOLE滨波女士拼接印花粉红色运动短裤 BO9525E03 粉红色 ',0,'2.5'),('88','女士西装五分裤短裤',668,626,'layui/img/product/ssnz/shorts/ldk8.jpg','2020-03-23',1,'【商场同款】BEANPOLE滨波 春季女士含亚麻休闲通勤西装五分裤短裤 亮灰色 ',0,'2.5'),('89','休闲轻薄高弹力牛仔裤短裤',668,626,'layui/img/product/ssnz/shorts/ldk9.jpg','2020-03-23',1,'【商场同款】BEANPOLE滨波 春季女士基础款休闲轻薄高弹力牛仔裤短裤 天蓝色',0,'2.5'),('9','毛衣',478,448,'layui/img/product/jpnz/sweater/m1.jpg','2020-03-21',1,'【商场同款】BEANPOLE滨波 韩国三星男士棉分割圆领套头衫 BC7151A22 天蓝色',0,'1.2'),('90','男士帽子可拆卸皮肤衣 ',320,300,'layui/img/product/dsyd-n/Jacket/dnw1.jpg','2020-03-23',1,'【商场同款】BEANPOLE滨波 男士帽子可拆卸皮肤衣 BO8339P31 藏青色 175/92A',0,'3.1'),('91','男士帽子可拆卸皮肤衣 ',320,300,'layui/img/product/dsyd-n/Jacket/dnw2.jpg','2020-03-23',1,'【商场同款】BEANPOLE滨波 男士帽子可拆卸皮肤衣 BO8339P31 卡其色 175/92A',0,'3.1'),('92','男士帽子可拆卸皮肤衣',320,300,'layui/img/product/dsyd-n/Jacket/dnw3.jpg','2020-03-23',1,'【商场同款】BEANPOLE滨波 男士帽子可拆卸皮肤衣 BO8339P31 白色 180/96A ',0,'3.1'),('93','男士连帽拉链外套夹克男',640,600,'layui/img/product/dsyd-n/Jacket/dnw4.jpg','2020-03-23',1,'【商场同款】BEANPOLE滨波 男士连帽拉链外套夹克男 BO8839D09 卡其色',0,'3.1'),('94','男士MA-1飞行员夹克男',448,420,'layui/img/product/dsyd-n/Jacket/dnw5.jpg','2020-03-23',1,'【商场同款】BEANPOLE滨波 男士MA-1飞行员夹克男 BO8939D07 绿色 175/92A ',0,'3.1'),('95','男士MA-1飞行员夹克男',448,420,'layui/img/product/dsyd-n/Jacket/dnw6.jpg','2020-03-23',1,'【商场同款】BEANPOLE滨波 男士MA-1飞行员夹克男 BO8939D07 黑色 175/92A ',0,'3.1'),('96','男士华夫组织拉链外套男',352,330,'layui/img/product/dsyd-n/Jacket/dnw7.jpg','2020-03-23',1,'【商场同款】BEANPOLE滨波 男士华夫组织拉链外套男 BO8941ZM1 藏青色',0,'3.1'),('97','男士华夫组织拉链外套男',352,330,'layui/img/product/dsyd-n/Jacket/dnw8.jpg','2020-03-23',1,'【商场同款】BEANPOLE滨波 男士华夫组织拉链外套男 BO8941ZM1 蓝色 180/96A ',0,'3.1'),('98','早春男士MA-1飞行夹克 ',720,675,'layui/img/product/dsyd-n/Jacket/dnw9.jpg','2020-03-23',1,'【商场同款】BEANPOLE滨波都市运动 早春男士MA-1飞行夹克 BO9139D01 黑色 ',0,'3.1'),('99','男士休闲圆领短袖T恤',159,152,'layui/img/product/dsyd-n/T-shirt/dnd1.jpg','2020-03-23',1,'【商场同款】BEANPOLE滨波 男士休闲圆领短袖T恤男 BO8342D54 白色 175/92A ',0,'3.2');

/*Table structure for table `user` */

DROP TABLE IF EXISTS `user`;

CREATE TABLE `user` (
  `uid` varchar(32) NOT NULL,
  `username` varchar(20) DEFAULT NULL,
  `password` varchar(20) DEFAULT NULL,
  `name` varchar(20) DEFAULT NULL,
  `email` varchar(30) DEFAULT NULL,
  `telephone` varchar(20) DEFAULT NULL,
  `birthday` date DEFAULT NULL,
  `sex` varchar(10) DEFAULT NULL,
  `state` int(11) DEFAULT '0',
  `code` varchar(64) DEFAULT NULL,
  PRIMARY KEY (`uid`)
) ENGINE=InnoDB DEFAULT CHARSET=utf8;

/*Data for the table `user` */

insert  into `user`(`uid`,`username`,`password`,`name`,`email`,`telephone`,`birthday`,`sex`,`state`,`code`) values ('045bcc97f1ea4d5aa585228595b8b52f','xiaohua','a12345','小华','xiaohua@163.com','15137645449','2020-03-19','男',1,NULL),('4e52eb2222cb4fa9ab18c4a7188ac6c4','aaa','a123456','aaa','aaa@qq.com','15134645448','2020-01-02','男',1,NULL),('6dcffa1311af48718f844842dddcc24e','aaaa','a123456','aaaa','aaaa@qq.com','15465451234','2020-03-02','女',1,NULL),('d4e98d1d6c6044c1889c0628d2676a78','xiaolan','a12345','小蓝','xiaolan@qq.com','15137645446','2020-01-03','女',1,NULL),('d711977f71f348c4b120f20b1febaaca','bbbb','a123456','bbbb','bbb@qq.com','15936251478','2019-12-12','女',1,NULL),('f1b42933401345568c8552e069441978','xiaoming','a12345','小明','xiaoming@qq.com','15132521764','2020-01-01','男',1,NULL);

/*!40101 SET SQL_MODE=@OLD_SQL_MODE */;
/*!40014 SET FOREIGN_KEY_CHECKS=@OLD_FOREIGN_KEY_CHECKS */;
/*!40014 SET UNIQUE_CHECKS=@OLD_UNIQUE_CHECKS */;
/*!40111 SET SQL_NOTES=@OLD_SQL_NOTES */;
